{"n_frames": 25, "extrinsics": [[[0.9999998807907104, 0.0001365764474030584, 0.00043845840264111757, -0.00022601787350140512], [-0.00013651404879055917, 1.0, -0.00014231693057809025, 0.0001347141369478777], [-0.00043847784399986267, 0.00014225706399884075, 0.9999998807907104, -2.9363225621636957e-05], [0.0, 0.0, 0.0, 1.0]], [[0.9795984029769897, -0.044803276658058167, 0.19590729475021362, -0.07436192780733109], [0.06113174557685852, 0.9950687289237976, -0.0781094878911972, 0.01113054808229208], [-0.19144165515899658, 0.08849208056926727, 0.9775066375732422, -0.051517095416784286], [0.0, 0.0, 0.0, 1.0]], [[0.9290369749069214, -0.09356269240379333, 0.35796135663986206, -0.1756393313407898], [0.12999959290027618, 0.98835688829422, -0.07906187325716019, 0.016326989978551865], [-0.3463963270187378, 0.11998622864484787, 0.9303832054138184, -0.047115445137023926], [0.0, 0.0, 0.0, 1.0]], [[0.8474848866462708, -0.16053493320941925, 0.5059623718261719, -0.3009949326515198], [0.19918951392173767, 0.9796957969665527, -0.022797517478466034, 0.0005381626542657614], [-0.4920293986797333, 0.12010294944047928, 0.8622542023658752, -0.0404481515288353], [0.0, 0.0, 0.0, 1.0]], [[0.7988996505737305, -0.1699906587600708, 0.5769423246383667, -0.4067746102809906], [0.21059384942054749, 0.9775670766830444, -0.0035810989793390036, -0.007058607880026102], [-0.5633910894393921, 0.12436144798994064, 0.8167769908905029, -0.02844349294900894], [0.0, 0.0, 0.0, 1.0]], [[0.6852940320968628, -0.167707622051239, 0.7086934447288513, -0.5298129916191101], [0.21357175707817078, 0.9766178727149963, 0.02459004893898964, -0.012967776507139206], [-0.6962465643882751, 0.1345054656267166, 0.7050879001617432, 0.047594085335731506], [0.0, 0.0, 0.0, 1.0]], [[0.6043099164962769, -0.16722321510314941, 0.7790032029151917, -0.6135607957839966], [0.21516583859920502, 0.9756513237953186, 0.04252193868160248, -0.016277046874165535], [-0.767146110534668, 0.14191842079162598, 0.6255764961242676, 0.09450007230043411], [0.0, 0.0, 0.0, 1.0]], [[0.46055781841278076, -0.16579176485538483, 0.8720089197158813, -0.7109609842300415], [0.2385479062795639, 0.9693783521652222, 0.05831345543265343, -0.03976939246058464], [-0.8549744486808777, 0.18115919828414917, 0.4860040545463562, 0.2124016284942627], [0.0, 0.0, 0.0, 1.0]], [[0.3814663887023926, -0.1713103950023651, 0.9083700180053711, -0.7747835516929626], [0.24080277979373932, 0.9671651721000671, 0.08127445727586746, -0.05147574841976166], [-0.8924670219421387, 0.18773457407951355, 0.4101930260658264, 0.2704448401927948], [0.0, 0.0, 0.0, 1.0]], [[0.25191259384155273, -0.18191950023174286, 0.9504973888397217, -0.8380440473556519], [0.2820487916469574, 0.953334629535675, 0.10771048814058304, -0.09606347978115082], [-0.9257367253303528, 0.24095302820205688, 0.2914671301841736, 0.3753795623779297], [0.0, 0.0, 0.0, 1.0]], [[0.16052716970443726, -0.18475453555583954, 0.9695858955383301, -0.8821426033973694], [0.3078457713127136, 0.9426965713500977, 0.12866300344467163, -0.11801259219646454], [-0.937796413898468, 0.27782902121543884, 0.20820432901382446, 0.4132498800754547], [0.0, 0.0, 0.0, 1.0]], [[0.10531038045883179, -0.17976494133472443, 0.9780563116073608, -0.9737056493759155], [0.30539530515670776, 0.94184410572052, 0.1402263194322586, -0.12249884754419327], [-0.9463843703269958, 0.2839265465736389, 0.15408533811569214, 0.4512191414833069], [0.0, 0.0, 0.0, 1.0]], [[0.04322946071624756, -0.17553068697452545, 0.9835244417190552, -1.0220110416412354], [0.28937989473342896, 0.9444438815116882, 0.15583664178848267, -0.12653006613254547], [-0.9562377333641052, 0.27787545323371887, 0.09162282943725586, 0.48816657066345215], [0.0, 0.0, 0.0, 1.0]], [[-0.010814189910888672, -0.16940152645111084, 0.9854877591133118, -1.062704086303711], [0.27590760588645935, 0.9467805624008179, 0.16577555239200592, -0.11611250787973404], [-0.9611233472824097, 0.27369633316993713, 0.036500513553619385, 0.5135840773582458], [0.0, 0.0, 0.0, 1.0]], [[-0.16013646125793457, -0.16648262739181519, 0.9729541540145874, -1.0764204263687134], [0.29621437191963196, 0.9321416020393372, 0.20825250446796417, -0.1734810620546341], [-0.9416014552116394, 0.3215518593788147, -0.09995532035827637, 0.6362646818161011], [0.0, 0.0, 0.0, 1.0]], [[-0.2271486520767212, -0.15381892025470734, 0.9616355895996094, -1.1140658855438232], [0.3058713972568512, 0.9262102246284485, 0.2204025238752365, -0.17765361070632935], [-0.924578845500946, 0.3442010283470154, -0.1633385419845581, 0.670352578163147], [0.0, 0.0, 0.0, 1.0]], [[-0.2643364667892456, -0.14014948904514313, 0.9541928768157959, -1.2057527303695679], [0.2838192880153656, 0.9342676401138306, 0.21584834158420563, -0.1529836356639862], [-0.9217225313186646, 0.327875018119812, -0.20718395709991455, 0.7074864506721497], [0.0, 0.0, 0.0, 1.0]], [[-0.3086162805557251, -0.1258678287267685, 0.9428219199180603, -1.2528467178344727], [0.28992968797683716, 0.9315903782844543, 0.21927182376384735, -0.1533711701631546], [-0.9059231281280518, 0.34102293848991394, -0.2510111331939697, 0.7193728089332581], [0.0, 0.0, 0.0, 1.0]], [[-0.3168758153915405, -0.12084978073835373, 0.9407364726066589, -1.3514721393585205], [0.3069835603237152, 0.9253926873207092, 0.22228242456912994, -0.1437971442937851], [-0.897413432598114, 0.3592265248298645, -0.2561357021331787, 0.6600936055183411], [0.0, 0.0, 0.0, 1.0]], [[-0.35850632190704346, -0.09326493740081787, 0.9288568496704102, -1.4124691486358643], [0.3254159688949585, 0.9201016426086426, 0.21798501908779144, -0.12566399574279785], [-0.8749729990959167, 0.38041383028030396, -0.2995123863220215, 0.6704345941543579], [0.0, 0.0, 0.0, 1.0]], [[-0.4254944324493408, -0.07274243235588074, 0.902032732963562, -1.4641246795654297], [0.32827121019363403, 0.9164658784866333, 0.228753924369812, -0.11831862479448318], [-0.8433223962783813, 0.39344489574432373, -0.36607182025909424, 0.7055198550224304], [0.0, 0.0, 0.0, 1.0]], [[-0.5182013511657715, -0.05731884762644768, 0.8533357977867126, -1.474930763244629], [0.34424999356269836, 0.8993785381317139, 0.2694626748561859, -0.16324163973331451], [-0.7829172611236572, 0.43339675664901733, -0.44632720947265625, 0.8161458373069763], [0.0, 0.0, 0.0, 1.0]], [[-0.5908468961715698, -0.08327421545982361, 0.8024745583534241, -1.4892462491989136], [0.28468260169029236, 0.9091585874557495, 0.3039514422416687, -0.20741435885429382], [-0.7548878788948059, 0.40803930163383484, -0.5134668350219727, 0.8919587135314941], [0.0, 0.0, 0.0, 1.0]], [[-0.6788603067398071, -0.08332350105047226, 0.7295244932174683, -1.4617959260940552], [0.24587175250053406, 0.9103879928588867, 0.3327774405479431, -0.26960110664367676], [-0.6918784379959106, 0.40527886152267456, -0.5975394248962402, 1.0581473112106323], [0.0, 0.0, 0.0, 1.0]], [[-0.8233757019042969, -0.06202061101794243, 0.5640972852706909, -1.2921921014785767], [0.22638730704784393, 0.8755947351455688, 0.42671141028404236, -0.45376646518707275], [-0.5203855037689209, 0.47904831171035767, -0.7069027423858643, 1.2844123840332031], [0.0, 0.0, 0.0, 1.0]]],